product_id,product_name,category,price,cost,stock_quantity,reorder_level
1,Sharable Bifurcated Algorithm,Sports,321.52,116.55,563,72
2,User-Centric Even-Keeled Encryption,Clothing,74.07,29.72,1516,149
3,Face-To-Face Client-Driven Support,Sports,297.29,108.78,191,65
4,Customer-Focused Systematic Support,Health,255.15,92.69,407,193
5,Quality-Focused Background Parallelism,Home & Garden,212.66,122.20,569,11
6,Optimized 5Thgeneration Algorithm,Beauty,350.58,182.34,318,65
7,Cross-Group Didactic Emulation,Office Supplies,55.59,30.02,735,98
8,Profit-Focused Real-Time Algorithm,Clothing,135.94,50.53,940,147
9,Realigned Dedicated Structure,Office Supplies,486.69,262.46,1130,85
10,Streamlined Tangible Moratorium,Clothing,443.30,235.31,393,190
11,Operative Directional Knowledge User,Sports,27.68,12.84,592,30
12,Reverse-Engineered Even-Keeled Workforce,Beauty,433.91,234.34,928,172
13,Adaptive Well-Modulated Workforce,Clothing,85.51,45.12,1372,78
14,Diverse Tangible Interface,Home & Garden,306.52,133.51,1493,72
15,Mandatory Even-Keeled Collaboration,Health,233.82,113.40,1895,173
16,Extended Well-Modulated Graphical User Interface,Sports,113.71,58.24,1573,24
17,Customer-Focused Background Implementation,Clothing,411.79,309.88,821,78
18,Cross-Platform Heuristic Hardware,Beauty,109.44,89.90,1794,193
19,Robust Empowering Workforce,Automotive,110.25,66.11,1811,174
20,Balanced Upward-Trending Knowledgebase,Health,75.72,31.79,1525,153
21,Public-Key Bottom-Line Implementation,Toys,135.06,86.75,1838,159
22,Configurable Neutral Frame,Automotive,184.19,156.31,283,140
23,Self-Enabling Regional Hierarchy,Home & Garden,50.00,18.68,224,49
24,Re-Engineered Content-Based Strategy,Toys,397.08,222.79,130,108
25,Cloned 6Thgeneration Protocol,Electronics,299.96,175.19,514,151
26,Focused Zero Administration Frame,Books,341.74,139.18,1812,147
27,Configurable Discrete Attitude,Home & Garden,385.46,200.47,601,121
28,Multi-Tiered Even-Keeled Knowledgebase,Books,229.59,189.85,1793,194
29,Sharable High-Level Complexity,Books,486.08,355.32,1039,37
30,Multi-Layered Heuristic Database,Beauty,421.63,254.59,407,49
31,Synchronized Encompassing Standardization,Electronics,382.44,237.00,1594,145
32,Synergized Secondary Archive,Books,301.48,179.17,229,102
33,Robust Scalable Concept,Clothing,123.53,58.11,1161,30
34,Public-Key Upward-Trending Encryption,Home & Garden,367.29,278.41,1557,146
35,Diverse Maximized Implementation,Books,68.55,40.29,1125,52
36,Future-Proofed Scalable Solution,Health,266.20,173.91,1975,64
37,Realigned Directional Software,Toys,378.86,263.28,1460,89
38,Inverse Zero Administration Time-Frame,Automotive,497.60,335.85,897,142
39,Centralized Discrete Alliance,Office Supplies,64.90,30.01,692,15
40,Intuitive Impactful Flexibility,Electronics,279.19,179.86,14,28
41,Cloned Didactic Open System,Clothing,118.33,94.98,1760,94
42,Universal Foreground Data-Warehouse,Health,259.51,126.96,994,64
43,Streamlined Modular Infrastructure,Automotive,70.49,57.65,1169,157
44,Stand-Alone Logistical Circuit,Clothing,125.28,73.48,833,58
45,Fundamental Client-Driven Encryption,Automotive,52.98,29.96,867,115
46,User-Friendly Next Generation Monitoring,Clothing,432.60,163.13,1338,175
47,Fundamental Value-Added Paradigm,Sports,35.00,25.00,1639,37
48,Optimized Optimal Initiative,Home & Garden,99.84,61.71,287,118
49,Multi-Lateral Directional Challenge,Automotive,142.88,67.85,1890,29
50,Profound Modular Array,Health,404.97,315.06,200,22
51,Versatile Actuating Budgetary Management,Home & Garden,418.83,349.52,1897,70
52,Distributed Responsive Complexity,Electronics,206.17,121.78,1770,112
53,Synergized Interactive Policy,Automotive,86.50,30.37,799,77
54,Cloned Human-Resource Implementation,Automotive,146.20,102.09,1496,152
55,Right-Sized Maximized Moderator,Office Supplies,81.62,40.68,1983,24
56,Function-Based Neutral Access,Electronics,369.19,140.47,642,24
57,Synergized Uniform Budgetary Management,Home & Garden,294.17,176.92,1746,145
58,Synergized National System Engine,Clothing,33.16,20.02,1743,57
59,Future-Proofed Zero Administration Project,Clothing,299.54,205.97,481,113
60,Mandatory Bifurcated Frame,Electronics,471.09,299.07,1185,162
61,Optional Cohesive Knowledgebase,Health,311.59,174.37,1195,154
62,Adaptive Uniform Success,Beauty,161.60,77.63,1371,193
63,Fundamental Motivating Task-Force,Books,123.15,67.47,1375,175
64,Enhanced Motivating Benchmark,Electronics,231.33,188.42,1916,28
65,Self-Enabling Exuding Productivity,Health,231.85,196.89,204,28
66,Profit-Focused Real-Time Customer Loyalty,Clothing,110.51,53.33,1911,99
67,Distributed Holistic Task-Force,Health,440.24,235.42,323,122
68,Diverse Needs-Based Time-Frame,Health,353.25,231.68,1652,177
69,Progressive 24Hour Policy,Clothing,8.87,6.73,613,179
70,Inverse Mobile Adapter,Health,469.77,195.96,236,37
71,Customizable High-Level Workforce,Beauty,81.95,40.23,431,193
72,Integrated Disintermediate Approach,Automotive,105.78,70.57,540,139
73,Front-Line Non-Volatile Artificial Intelligence,Toys,129.31,103.97,104,33
74,Configurable Upward-Trending Matrix,Books,415.53,154.59,683,43
75,Cloned Well-Modulated Monitoring,Health,84.98,48.52,1445,119
76,Visionary Clear-Thinking Capacity,Home & Garden,9.79,3.79,1808,186
77,Switchable Methodical Neural-Net,Home & Garden,275.07,211.06,1192,151
78,Down-Sized Empowering Moderator,Beauty,217.74,80.76,746,20
79,Robust Interactive Data-Warehouse,Health,108.99,51.74,210,100
80,Quality-Focused Web-Enabled Superstructure,Sports,442.65,244.87,1271,49
81,Team-Oriented Dedicated Structure,Toys,432.98,362.88,1660,55
82,Integrated Impactful Secured Line,Sports,17.27,12.40,680,115
83,Streamlined Holistic Intranet,Electronics,137.07,101.94,221,107
84,Programmable Local Capability,Beauty,430.00,198.32,1672,127
85,Fully-Configurable Directional Architecture,Electronics,156.07,116.69,466,67
86,Mandatory 3Rdgeneration Parallelism,Books,331.72,182.19,570,27
87,Reactive Discrete Parallelism,Beauty,178.82,108.13,1391,147
88,Face-To-Face 24Hour Archive,Home & Garden,469.92,191.57,1987,76
89,Triple-Buffered Responsive Approach,Office Supplies,292.39,246.13,78,37
90,Focused Asymmetric Alliance,Office Supplies,220.11,157.22,642,121
91,Managed Asynchronous Migration,Sports,492.20,200.73,1842,157
92,Front-Line Even-Keeled Secured Line,Health,131.09,92.34,3,143
93,Pre-Emptive Didactic Moratorium,Sports,344.99,282.94,1509,181
94,De-Engineered Uniform Orchestration,Office Supplies,185.29,71.33,1360,94
95,Re-Engineered Methodical Encryption,Health,160.39,124.14,1474,86
96,Phased Incremental Core,Books,158.10,87.62,824,188
97,Cross-Platform Bandwidth-Monitored Protocol,Home & Garden,279.43,124.61,1361,107
98,Optional Heuristic Interface,Books,309.68,154.99,1122,10
99,Open-Source Maximized Superstructure,Beauty,147.02,83.06,1187,165
100,Business-Focused Systematic Projection,Automotive,235.17,134.30,437,140
101,Stand-Alone Bandwidth-Monitored Approach,Clothing,397.90,330.22,1507,53
102,Open-Architected Upward-Trending Graphical User Interface,Clothing,145.47,99.20,1268,95
103,Customer-Focused Dynamic Core,Sports,410.12,297.57,1377,89
104,Ergonomic National Knowledge User,Automotive,404.25,171.27,94,72
105,Devolved Interactive Contingency,Office Supplies,307.58,225.84,932,116
106,Grass-Roots Maximized Encryption,Sports,101.25,70.69,1012,112
107,Compatible Leadingedge Workforce,Toys,78.05,54.15,1828,37
108,Reactive Bandwidth-Monitored Application,Automotive,113.33,85.23,1425,142
109,Streamlined Needs-Based Access,Automotive,29.86,14.17,1737,41
110,Cross-Group Web-Enabled Encoding,Office Supplies,71.00,41.35,1087,153
111,Down-Sized Incremental Matrix,Health,162.06,117.92,906,166
112,Polarized Didactic Initiative,Automotive,216.24,173.73,913,50
113,Centralized Composite Implementation,Books,227.78,165.35,1720,173
114,Adaptive Human-Resource Firmware,Books,384.08,234.54,1283,71
115,Persevering Executive Interface,Beauty,222.74,157.42,480,79
116,Total Upward-Trending Toolset,Sports,163.26,101.23,283,48
117,Realigned Stable Structure,Toys,194.60,82.98,438,26
118,Pre-Emptive Coherent Core,Sports,206.76,128.46,851,25
119,Implemented Didactic Approach,Electronics,417.28,227.31,1576,159
120,Reduced User-Facing Moratorium,Electronics,429.08,314.43,779,132
121,Centralized Value-Added Functionalities,Health,471.66,235.50,798,117
122,Centralized Actuating Paradigm,Automotive,375.02,233.66,1235,66
123,Polarized Motivating Moderator,Beauty,113.61,64.52,59,109
124,Diverse Analyzing Migration,Automotive,336.09,251.76,1483,52
125,Configurable Contextually-Based Architecture,Toys,460.17,386.71,1093,16
126,Right-Sized Asymmetric Service-Desk,Toys,297.99,203.08,171,174
127,Front-Line Impactful Capability,Toys,72.17,41.92,102,76
128,Re-Contextualized Dynamic Paradigm,Books,167.04,96.44,691,107
129,Right-Sized 6Thgeneration Process Improvement,Automotive,377.24,288.96,516,30
130,Configurable Intangible Protocol,Sports,14.59,9.04,1949,99
131,Reduced Non-Volatile Model,Electronics,326.82,242.05,1334,20
132,Intuitive Empowering Database,Home & Garden,475.06,213.62,41,169
133,Synchronized Transitional Functionalities,Sports,123.08,72.22,234,154
134,Front-Line Empowering Infrastructure,Office Supplies,235.19,112.45,755,52
135,De-Engineered Static Project,Books,305.59,221.23,234,51
136,Innovative Logistical Functionalities,Toys,58.51,21.23,638,157
137,Versatile Asynchronous Access,Sports,201.34,142.45,155,161
138,Persevering Regional Open System,Office Supplies,55.44,40.82,1741,185
139,Cross-Platform Asynchronous Monitoring,Beauty,403.74,302.04,1159,20
140,Extended Motivating Firmware,Beauty,268.71,182.93,141,139
141,De-Engineered Grid-Enabled Architecture,Toys,11.26,6.31,1003,37
142,Fully-Configurable Holistic Forecast,Home & Garden,480.59,320.93,1697,127
143,Diverse Leadingedge Moratorium,Books,220.57,158.12,1977,176
144,Triple-Buffered Exuding Pricing Structure,Automotive,309.88,250.94,1586,133
145,Streamlined Multi-Tasking Access,Sports,220.61,157.85,549,92
146,Synchronized Neutral Framework,Sports,416.21,163.71,1805,125
147,Switchable Bi-Directional Challenge,Beauty,376.49,239.04,1368,107
148,Fundamental Bifurcated Benchmark,Sports,19.21,14.89,372,134
149,User-Friendly Neutral Collaboration,Books,180.64,86.56,572,162
150,Future-Proofed Executive Portal,Sports,280.12,170.40,391,31
151,Expanded Transitional Graphical User Interface,Automotive,361.44,214.80,1552,71
152,Expanded Systemic Productivity,Clothing,324.72,193.34,1623,14
153,Fundamental Motivating Matrix,Office Supplies,150.65,83.19,498,88
154,Function-Based Actuating Array,Health,187.67,117.62,704,118
155,Sharable Interactive Focus Group,Books,168.74,118.36,554,88
156,Balanced 24Hour Groupware,Health,119.12,84.65,646,40
157,Visionary Clear-Thinking Productivity,Automotive,475.68,330.64,392,65
158,Fundamental Cohesive Support,Office Supplies,141.87,91.48,1556,144
159,Organic Neutral Strategy,Sports,145.08,58.07,397,85
160,Optimized Next Generation Access,Home & Garden,183.64,92.03,1450,146
161,Customizable Asynchronous Solution,Home & Garden,140.78,117.86,1133,84
162,Distributed Needs-Based Alliance,Office Supplies,320.75,232.99,210,13
163,Multi-Layered Optimal Neural-Net,Electronics,145.75,85.90,697,57
164,Digitized Intermediate Capacity,Toys,129.98,101.49,233,26
165,Balanced Fault-Tolerant Hierarchy,Home & Garden,248.41,158.62,1405,23
166,Balanced Heuristic Database,Sports,78.85,49.79,622,31
167,Synergized Dynamic Secured Line,Office Supplies,63.63,46.59,1241,162
168,Customer-Focused Heuristic Time-Frame,Books,116.72,71.35,922,123
169,Realigned Incremental Process Improvement,Office Supplies,430.78,364.02,625,155
170,User-Friendly Coherent Encoding,Sports,34.81,28.90,203,63
171,Diverse Context-Sensitive Installation,Health,136.00,53.12,491,54
172,Assimilated Context-Sensitive Support,Office Supplies,42.16,14.81,922,186
173,Managed Zero Tolerance Installation,Books,237.61,87.04,590,190
174,Synchronized User-Facing Workforce,Books,352.98,203.67,1407,69
175,Fully-Configurable Encompassing Complexity,Toys,394.97,261.68,1354,60
176,Total Bi-Directional Implementation,Home & Garden,61.81,28.58,305,78
177,Automated Methodical Definition,Office Supplies,40.35,17.47,629,162
178,Exclusive Logistical Hardware,Books,460.99,262.57,959,186
179,Integrated Discrete Definition,Automotive,351.37,288.59,1024,148
180,Assimilated Stable Core,Beauty,221.69,143.88,1821,120
181,Open-Architected Full-Range Focus Group,Office Supplies,303.84,110.27,468,182
182,Cloned Zero Administration Focus Group,Books,295.63,106.54,1566,182
183,Monitored Secondary Migration,Health,290.24,212.33,358,130
184,Open-Architected Systematic Monitoring,Toys,327.50,264.63,371,159
185,Managed 4Thgeneration Budgetary Management,Beauty,319.22,190.21,186,130
186,Fundamental Context-Sensitive Paradigm,Beauty,207.13,105.75,214,51
187,Fundamental 5Thgeneration Benchmark,Health,208.76,124.79,1356,112
188,Right-Sized Intermediate Hardware,Clothing,23.17,9.13,516,92
189,Upgradable Zero Tolerance Functionalities,Health,485.24,267.90,1053,10
190,Optional Real-Time Migration,Office Supplies,233.68,88.12,1061,102
191,Customizable Human-Resource Orchestration,Sports,379.44,251.46,1556,23
192,Ergonomic Eco-Centric Analyzer,Automotive,137.19,57.00,589,122
193,Triple-Buffered Intermediate Ability,Home & Garden,65.11,54.47,1246,71
194,Programmable National Software,Sports,158.82,56.67,835,33
195,Up-Sized User-Facing Support,Home & Garden,496.17,400.14,945,40
196,Synchronized Dedicated Hierarchy,Books,251.70,178.28,1042,190
197,Optional Asymmetric Secured Line,Automotive,210.67,124.56,967,72
198,Managed Regional Functionalities,Health,277.88,150.55,1887,163
199,Switchable Bottom-Line Success,Toys,374.41,156.60,142,80
200,Innovative Motivating Function,Books,173.24,128.86,547,10
201,Synchronized Incremental Graphic Interface,Automotive,364.40,280.12,1187,178
202,Open-Architected Tangible Frame,Beauty,433.30,248.40,991,98
203,Reactive Clear-Thinking Core,Sports,278.20,172.96,932,92
204,Operative Static Implementation,Toys,490.48,230.23,784,69
205,Synergistic Value-Added Conglomeration,Toys,26.61,19.22,1444,107
206,Seamless Non-Volatile Framework,Automotive,494.26,368.82,1335,48
207,Open-Architected Neutral Ability,Beauty,482.59,199.37,1977,161
208,Innovative Executive Database,Health,435.50,342.78,901,35
209,Optional Zero Tolerance Paradigm,Home & Garden,455.67,162.98,295,114
210,Robust Solution-Oriented Graphic Interface,Office Supplies,42.04,31.14,542,96
211,Persistent Leadingedge Intranet,Health,347.89,234.80,1744,94
212,Synergistic Didactic Migration,Health,193.10,98.16,1471,134
213,Phased User-Facing Concept,Books,22.77,8.75,1292,185
214,Switchable Attitude-Oriented Forecast,Clothing,498.73,360.77,888,35
215,Profound Stable Productivity,Electronics,224.62,156.56,1850,17
216,Secured Full-Range Array,Toys,165.57,62.59,734,105
217,Versatile Disintermediate Service-Desk,Home & Garden,77.06,47.44,1159,184
218,Integrated Directional Workforce,Office Supplies,89.14,34.72,1783,107
219,Exclusive Client-Server Algorithm,Sports,343.15,205.49,1194,46
220,Balanced Dynamic Leverage,Electronics,233.27,111.27,522,180
221,Seamless Zero Administration Archive,Health,449.96,262.16,589,183
222,Persevering Intangible Product,Books,83.20,47.49,707,160
223,Re-Engineered Content-Based Structure,Books,321.27,180.61,512,126
224,Total Human-Resource Methodology,Sports,103.61,56.19,989,37
225,Open-Architected Dynamic Circuit,Books,193.78,102.60,605,189
226,Streamlined System-Worthy Ability,Electronics,15.86,12.13,810,80
227,Versatile Zero Administration Benchmark,Office Supplies,285.13,197.57,1525,22
228,Vision-Oriented Interactive Definition,Sports,373.86,286.53,1849,83
229,Enhanced Tangible Model,Office Supplies,305.50,160.74,1303,58
230,Persistent Actuating Open Architecture,Home & Garden,129.06,93.93,1571,178
231,Fully-Configurable Bottom-Line Knowledgebase,Books,315.98,253.32,1323,20
232,Devolved Maximized Secured Line,Home & Garden,395.36,144.97,747,197
233,Progressive Next Generation Policy,Home & Garden,49.62,24.69,1530,116
234,Intuitive Web-Enabled Intranet,Health,104.39,77.59,1794,103
235,Seamless Uniform Middleware,Automotive,253.39,123.21,336,75
236,Optimized Neutral Knowledge User,Clothing,483.86,240.75,1782,96
237,Diverse Value-Added Leverage,Toys,236.82,91.80,1544,67
238,Organized Empowering System Engine,Toys,483.80,363.96,749,33
239,Fully-Configurable Scalable Focus Group,Books,11.89,7.35,931,104
240,Visionary Zero-Defect Model,Clothing,294.36,224.07,1925,105
241,Pre-Emptive Responsive Encoding,Beauty,339.04,198.59,1268,153
242,Grass-Roots Leadingedge Archive,Automotive,458.05,211.02,129,172
243,Universal Executive Encoding,Home & Garden,455.15,228.07,836,39
244,Future-Proofed Full-Range Functionalities,Clothing,27.45,10.12,1008,39
245,Quality-Focused Attitude-Oriented Challenge,Beauty,121.23,75.01,795,126
246,Distributed Discrete Info-Mediaries,Toys,336.89,243.09,1937,148
247,Team-Oriented Coherent Strategy,Clothing,295.73,210.95,1813,116
248,Extended Asymmetric Instruction Set,Electronics,417.68,274.76,1923,81
249,Open-Source Full-Range Moratorium,Beauty,346.69,159.00,910,70
250,Persistent Intangible Approach,Beauty,54.18,37.54,1115,175
251,Expanded Intangible Info-Mediaries,Automotive,34.97,17.06,1982,41
252,Visionary Optimal Standardization,Electronics,50.38,22.98,1309,162
253,Ameliorated Well-Modulated Orchestration,Sports,30.04,15.52,257,154
254,Multi-Tiered Mission-Critical Ability,Sports,38.96,28.54,424,160
255,Multi-Channeled Exuding System Engine,Office Supplies,407.46,190.08,1585,47
256,Networked Intangible Monitoring,Health,6.40,4.99,296,43
257,User-Friendly User-Facing Moratorium,Home & Garden,129.07,56.44,1353,16
258,Robust Directional Matrix,Beauty,12.36,9.21,487,160
259,Face-To-Face Encompassing Internet Solution,Toys,12.81,6.18,259,199
260,Pre-Emptive 4Thgeneration Info-Mediaries,Beauty,265.41,191.85,975,124
261,Mandatory Static Service-Desk,Office Supplies,259.05,104.79,1031,66
262,Open-Architected Uniform Concept,Health,26.47,19.63,1775,178
263,Persistent Clear-Thinking Process Improvement,Automotive,154.31,103.64,63,25
264,Public-Key 4Thgeneration Infrastructure,Automotive,424.41,239.00,221,135
265,Reverse-Engineered Non-Volatile Protocol,Clothing,41.38,16.15,1245,47
266,Assimilated Attitude-Oriented Project,Beauty,67.46,44.67,1198,150
267,Optimized Client-Driven Local Area Network,Health,193.55,125.55,603,126
268,Enterprise-Wide Actuating Firmware,Health,304.69,121.75,1437,39
269,Multi-Tiered Fresh-Thinking Data-Warehouse,Toys,361.82,165.53,924,68
270,Persevering Fresh-Thinking Graphical User Interface,Clothing,172.77,99.65,851,196
271,Virtual Homogeneous Focus Group,Home & Garden,159.71,80.86,522,105
272,Versatile Intangible Extranet,Clothing,344.98,202.55,186,31
273,Configurable Methodical Adapter,Health,218.78,158.02,763,43
274,User-Friendly Needs-Based Application,Clothing,34.69,28.73,1150,94
275,Monitored Directional Projection,Electronics,208.35,163.93,1927,118
276,Cloned Zero-Defect Projection,Office Supplies,484.36,314.93,720,36
277,Balanced Web-Enabled Algorithm,Clothing,256.17,109.48,987,67
278,Fully-Configurable Dedicated Adapter,Office Supplies,178.31,112.00,235,81
279,Secured Coherent Encoding,Office Supplies,116.95,66.02,1148,169
280,De-Engineered Methodical Secured Line,Books,339.11,213.09,1247,178
281,Customizable Non-Volatile Data-Warehouse,Beauty,19.33,9.41,1561,89
282,Persistent Tangible Extranet,Toys,178.76,78.78,293,154
283,Visionary Holistic Concept,Clothing,39.44,28.42,1990,17
284,Robust Real-Time Synergy,Beauty,374.33,171.28,859,126
285,Universal Bifurcated Time-Frame,Office Supplies,82.92,41.94,664,155
286,Diverse Fault-Tolerant Benchmark,Electronics,47.05,17.71,322,168
287,Reduced 4Thgeneration Function,Automotive,338.61,164.58,1355,118
288,Re-Engineered Systematic Implementation,Clothing,305.50,170.19,441,141
289,Object-Based Transitional Customer Loyalty,Office Supplies,175.86,71.30,1388,183
290,Compatible Optimizing Solution,Toys,245.88,168.08,93,66
291,Self-Enabling Dynamic Benchmark,Sports,492.30,185.79,418,87
292,Total Zero Administration Framework,Clothing,384.84,281.73,592,93
293,Synergized Radical Workforce,Toys,8.83,6.39,359,43
294,Decentralized Non-Volatile Toolset,Beauty,268.63,124.93,1144,181
295,Balanced Grid-Enabled Monitoring,Electronics,40.68,31.76,86,121
296,Optimized Stable Hub,Toys,232.58,90.46,641,157
297,Cloned Motivating Project,Clothing,288.83,203.55,855,84
298,Mandatory 24/7 Instruction Set,Automotive,205.49,171.19,351,168
299,Pre-Emptive Bi-Directional Internet Solution,Clothing,416.85,337.60,180,121
300,Multi-Lateral Scalable Knowledgebase,Toys,125.44,80.84,1073,30
301,Triple-Buffered Coherent Internet Solution,Home & Garden,435.91,315.12,453,95
302,Enhanced Upward-Trending Model,Sports,42.81,28.54,1086,140
303,Streamlined Encompassing Pricing Structure,Home & Garden,453.43,237.91,1489,175
304,Public-Key Zero-Defect Matrices,Office Supplies,121.95,51.61,404,54
305,Persistent Intermediate Superstructure,Automotive,80.67,58.86,154,55
306,Reverse-Engineered Encompassing Graphic Interface,Office Supplies,234.66,148.27,1186,124
307,Fully-Configurable Background Focus Group,Beauty,323.28,272.61,661,170
308,Organized Dynamic System Engine,Books,79.72,30.63,905,171
309,Persistent Non-Volatile Pricing Structure,Clothing,399.18,257.76,720,139
310,Synchronized Homogeneous Graphical User Interface,Books,158.65,91.38,116,104
311,Assimilated Modular Graphic Interface,Office Supplies,42.98,33.62,1751,33
312,Enterprise-Wide Mobile Data-Warehouse,Electronics,299.07,162.17,1188,151
313,Multi-Channeled Empowering Graphical User Interface,Beauty,227.62,171.83,1334,58
314,Grass-Roots Radical Standardization,Automotive,304.48,182.89,1961,25
315,Grass-Roots Next Generation Access,Clothing,56.23,44.96,703,192
316,Programmable Content-Based Artificial Intelligence,Automotive,254.75,111.14,507,191
317,Front-Line Uniform Installation,Beauty,495.54,303.29,1248,50
318,Pre-Emptive Next Generation Task-Force,Office Supplies,189.56,93.16,837,96
319,Front-Line System-Worthy Leverage,Beauty,30.92,20.58,685,26
320,Stand-Alone Transitional Matrix,Office Supplies,51.78,35.69,581,74
321,Organized 3Rdgeneration Array,Home & Garden,437.27,225.93,1193,179
322,Implemented Directional Initiative,Toys,458.79,231.74,1343,188
323,Team-Oriented Dynamic Function,Health,68.83,48.49,173,89
324,Switchable Optimal Hub,Health,191.46,142.79,1665,42
325,Phased Neutral Moderator,Electronics,51.26,35.12,1041,102
326,Monitored Interactive Synergy,Automotive,184.49,81.20,438,97
327,Reactive Full-Range Help-Desk,Books,100.04,85.04,317,29
328,Total Logistical Flexibility,Health,422.99,169.44,1578,148
329,Integrated Eco-Centric Emulation,Home & Garden,23.69,12.28,1569,168
330,Decentralized Uniform Core,Office Supplies,300.64,128.41,370,187
331,Intuitive Bottom-Line Synergy,Toys,405.48,175.48,896,21
332,Public-Key Well-Modulated Solution,Office Supplies,185.33,131.54,1985,123
333,Enterprise-Wide Content-Based Data-Warehouse,Health,146.04,105.77,919,69
334,User-Centric Mission-Critical Focus Group,Sports,123.39,102.76,1606,130
335,Up-Sized Optimizing Task-Force,Books,187.08,154.07,902,128
336,Progressive Radical Forecast,Sports,390.17,234.67,857,51
337,Cross-Platform Content-Based Frame,Automotive,401.62,168.36,512,23
338,Focused High-Level Conglomeration,Health,437.69,274.55,210,192
339,Innovative 24/7 Strategy,Books,426.33,209.98,1562,51
340,Public-Key Clear-Thinking Focus Group,Clothing,227.41,137.97,1701,121
341,Balanced Actuating Neural-Net,Electronics,473.47,218.28,923,99
342,Implemented Tangible Capacity,Toys,210.37,115.33,765,70
343,Sharable Web-Enabled Matrix,Clothing,497.29,267.27,57,91
344,Customer-Focused 24/7 Orchestration,Home & Garden,420.39,283.76,1620,47
345,Horizontal Methodical Matrices,Home & Garden,23.96,19.38,967,188
346,Organic Global Contingency,Clothing,380.63,222.50,1260,11
347,Business-Focused Eco-Centric Matrices,Office Supplies,14.41,6.60,306,150
348,Customizable Asymmetric Initiative,Books,266.25,107.99,590,70
349,Pre-Emptive Asynchronous Orchestration,Automotive,65.31,30.65,1308,169
350,Self-Enabling Systemic Application,Health,36.09,27.73,1023,162
351,Distributed Coherent Workforce,Home & Garden,13.14,7.98,495,193
352,Re-Contextualized Exuding Artificial Intelligence,Office Supplies,149.18,52.33,722,71
353,Fully-Configurable Bottom-Line Open Architecture,Beauty,211.20,144.08,175,144
354,Virtual Intangible Portal,Health,38.50,23.60,1039,139
355,Right-Sized Regional Definition,Toys,15.07,11.85,89,172
356,Vision-Oriented Multi-State Implementation,Clothing,490.61,233.94,33,101
357,Organized Leadingedge Framework,Office Supplies,175.68,125.87,1286,36
358,Reverse-Engineered Interactive Function,Health,368.92,190.46,90,100
359,Re-Contextualized Regional Approach,Automotive,172.58,115.87,1700,185
360,Seamless User-Facing Attitude,Clothing,490.51,289.04,373,44
361,Virtual Demand-Driven Product,Sports,359.44,295.39,75,85
362,Extended Empowering Protocol,Books,26.68,12.00,85,90
363,Configurable Cohesive Encoding,Books,260.11,219.68,1112,131
364,Enhanced Neutral Archive,Electronics,23.13,15.58,585,101
365,Diverse 24Hour Installation,Toys,433.57,223.71,254,104
366,Organized System-Worthy Policy,Beauty,445.30,321.35,1832,108
367,Phased Explicit Alliance,Health,486.99,291.27,1018,104
368,Focused Executive Strategy,Toys,137.03,53.62,869,30
369,Horizontal Tangible Knowledgebase,Beauty,303.21,230.80,1117,85
370,Compatible Systemic Emulation,Automotive,55.79,28.67,605,88
371,Fundamental Zero Tolerance Utilization,Beauty,303.30,170.77,1412,123
372,Self-Enabling Optimizing Protocol,Office Supplies,226.33,161.46,1866,100
373,Exclusive Interactive Budgetary Management,Clothing,499.08,243.19,1620,24
374,Quality-Focused Directional Project,Home & Garden,337.24,186.53,1050,183
375,Distributed Encompassing Circuit,Automotive,476.63,200.85,1244,183
376,Compatible Analyzing Concept,Beauty,22.23,8.53,1594,175
377,Integrated Radical Synergy,Home & Garden,184.26,151.97,66,164
378,Re-Contextualized Executive Intranet,Clothing,341.14,281.24,761,123
379,Decentralized Maximized Solution,Books,289.09,177.71,815,90
380,Innovative Tangible Initiative,Automotive,128.56,52.29,1506,57
381,Future-Proofed Motivating Moratorium,Books,261.28,210.80,241,77
382,Proactive Leadingedge Artificial Intelligence,Automotive,353.50,161.65,1253,83
383,Right-Sized 6Thgeneration Internet Solution,Home & Garden,104.09,43.49,151,125
384,User-Centric Fresh-Thinking Portal,Beauty,449.85,257.56,179,184
385,Function-Based 4Thgeneration Array,Books,335.58,236.51,1126,148
386,Focused Systematic Orchestration,Home & Garden,446.21,346.12,1457,191
387,Reverse-Engineered 3Rdgeneration Task-Force,Home & Garden,397.88,240.47,248,61
388,Synergistic Encompassing Orchestration,Office Supplies,122.18,72.95,739,151
389,Balanced Well-Modulated System Engine,Office Supplies,187.61,141.05,1129,43
390,Enhanced Methodical Model,Automotive,442.70,169.50,815,193
391,Streamlined Leadingedge Focus Group,Clothing,265.22,194.83,1686,157
392,Enterprise-Wide Optimal Internet Solution,Automotive,67.04,34.09,151,125
393,Sharable Mobile Array,Office Supplies,341.65,178.43,1798,151
394,Phased Grid-Enabled Installation,Electronics,95.07,79.21,886,138
395,Managed Fresh-Thinking Secured Line,Home & Garden,416.54,253.69,622,52
396,Customer-Focused Cohesive Groupware,Books,164.72,116.07,708,142
397,Open-Source System-Worthy Methodology,Books,423.74,201.40,1300,151
398,Horizontal Stable Initiative,Health,66.96,33.57,1092,33
399,Virtual Neutral Alliance,Home & Garden,322.29,208.17,1189,49
400,Persevering Background Functionalities,Office Supplies,331.07,235.17,1239,96
401,Function-Based Fresh-Thinking Budgetary Management,Office Supplies,25.39,19.85,166,21
402,Visionary Impactful Migration,Office Supplies,136.00,61.94,1171,116
403,Adaptive Stable Moratorium,Books,321.30,192.47,1284,149
404,Persistent Incremental Application,Toys,322.74,161.71,501,185
405,Ergonomic Multi-State Hierarchy,Automotive,152.23,58.83,122,50
406,Secured Web-Enabled Methodology,Home & Garden,210.73,122.69,696,165
407,Self-Enabling Leadingedge Task-Force,Toys,159.73,113.28,1503,98
408,Business-Focused Demand-Driven Flexibility,Beauty,69.73,37.32,1150,37
409,Reactive Clear-Thinking Forecast,Home & Garden,124.66,51.27,920,73
410,Organic Tangible Matrix,Toys,52.92,26.20,786,167
411,Decentralized 4Thgeneration Product,Office Supplies,127.89,100.10,327,93
412,Robust Disintermediate Strategy,Health,361.96,161.04,326,137
413,Diverse Fault-Tolerant Neural-Net,Clothing,236.07,186.39,1018,15
414,Advanced Neutral Installation,Sports,472.89,285.02,1979,71
415,Cross-Group Directional Budgetary Management,Office Supplies,293.76,109.96,576,136
416,Persistent Bottom-Line Project,Health,441.76,299.13,963,83
417,Distributed Modular Structure,Beauty,9.05,3.65,274,77
418,Implemented Multimedia Strategy,Office Supplies,383.11,204.19,820,23
419,Future-Proofed Intangible Matrices,Toys,283.10,150.40,591,28
420,Phased Dynamic Knowledgebase,Office Supplies,254.61,186.42,572,169
421,Reactive Client-Server Info-Mediaries,Beauty,63.81,53.44,806,105
422,Ergonomic Radical Migration,Office Supplies,281.13,149.79,295,60
423,User-Friendly Client-Driven Architecture,Home & Garden,257.02,154.22,92,19
424,Grass-Roots Zero Administration Utilization,Home & Garden,358.23,269.38,1063,126
425,Operative Global Toolset,Beauty,305.10,185.42,671,166
426,Profit-Focused Encompassing Ability,Office Supplies,85.44,72.22,1514,86
427,Horizontal Uniform Framework,Office Supplies,171.50,131.05,1090,135
428,Reverse-Engineered Optimal Protocol,Clothing,153.40,116.26,754,94
429,Pre-Emptive Coherent Knowledge User,Electronics,490.05,314.54,1631,195
430,Public-Key Mission-Critical Hardware,Office Supplies,300.47,145.06,1342,158
431,Managed Neutral Task-Force,Health,117.63,44.19,983,53
432,Quality-Focused Homogeneous Knowledgebase,Home & Garden,316.37,208.76,1722,107
433,Inverse Content-Based Standardization,Clothing,411.72,193.96,1172,189
434,Front-Line Object-Oriented Info-Mediaries,Toys,99.44,56.73,857,48
435,Focused Zero-Defect Installation,Automotive,346.80,192.54,1587,166
436,Balanced Foreground Synergy,Home & Garden,437.04,313.76,127,190
437,Phased Tertiary Workforce,Health,261.75,165.02,1356,132
438,Multi-Tiered Human-Resource Protocol,Beauty,191.53,158.65,941,146
439,Streamlined Coherent Methodology,Books,275.41,189.46,1776,194
440,Automated Clear-Thinking Middleware,Health,306.99,136.96,504,81
441,Reverse-Engineered Full-Range Attitude,Sports,152.76,125.37,609,83
442,Organic Bandwidth-Monitored Moderator,Health,346.67,206.10,982,99
443,Persevering 24/7 Success,Clothing,467.18,349.31,560,83
444,Digitized Incremental Projection,Beauty,288.87,179.56,1834,111
445,Distributed Asynchronous Leverage,Books,477.53,359.25,594,20
446,Fundamental Global Process Improvement,Books,477.88,186.14,1892,123
447,Team-Oriented Hybrid Projection,Books,374.93,171.34,1695,147
448,Configurable Full-Range Service-Desk,Office Supplies,466.85,325.90,281,37
449,Public-Key Homogeneous Functionalities,Health,371.74,174.58,103,181
450,Self-Enabling Transitional Task-Force,Beauty,116.71,54.43,205,115
451,Pre-Emptive Needs-Based Alliance,Electronics,360.09,144.14,1578,45
452,Secured Asymmetric Encoding,Automotive,482.44,404.74,323,114
453,Self-Enabling Systemic Forecast,Beauty,241.34,108.54,1974,83
454,Focused Value-Added Array,Office Supplies,146.28,55.53,1574,32
455,Optional Bandwidth-Monitored Task-Force,Home & Garden,119.95,86.28,1741,19
456,Sharable Tertiary Attitude,Toys,211.85,162.87,1912,19
457,Organic Composite Solution,Electronics,395.04,175.06,1533,84
458,Innovative 4Thgeneration Analyzer,Books,9.59,6.08,219,95
459,Inverse Analyzing Frame,Home & Garden,229.90,154.19,1073,136
460,Multi-Channeled Holistic Internet Solution,Beauty,426.27,248.95,394,38
461,Digitized Dynamic Moderator,Home & Garden,85.43,49.51,526,193
462,Open-Source Non-Volatile Software,Sports,11.97,6.21,604,155
463,Enterprise-Wide Composite Conglomeration,Toys,91.87,71.48,1837,113
464,Configurable Reciprocal Implementation,Home & Garden,260.06,102.30,1370,34
465,Secured Systemic Encoding,Electronics,490.93,289.03,1916,73
466,Proactive Optimal Circuit,Beauty,134.09,62.72,1543,78
467,Focused Maximized Productivity,Beauty,154.46,109.89,23,76
468,Function-Based Logistical Extranet,Books,347.92,132.58,242,129
469,Synchronized 24/7 Website,Books,84.06,58.26,1890,190
470,Persistent Executive Service-Desk,Beauty,346.69,232.06,1926,85
471,Quality-Focused Cohesive Archive,Home & Garden,309.24,142.12,273,132
472,Organic Grid-Enabled Parallelism,Health,230.21,194.40,765,116
473,Innovative Scalable Interface,Sports,456.83,332.88,1642,180
474,Team-Oriented Eco-Centric Knowledgebase,Health,382.12,263.73,1220,30
475,Innovative Dedicated Info-Mediaries,Clothing,226.14,158.72,159,154
476,Polarized Bi-Directional Encoding,Office Supplies,35.57,22.19,1035,61
477,Multi-Tiered Object-Oriented Help-Desk,Automotive,270.65,116.99,1749,143
478,Re-Engineered Explicit Standardization,Clothing,62.54,28.31,1194,135
479,Implemented 3Rdgeneration Protocol,Home & Garden,449.95,257.71,113,126
480,Object-Based Even-Keeled Access,Automotive,259.06,149.84,118,153
481,Re-Contextualized Systemic Time-Frame,Books,338.02,170.39,44,111
482,User-Friendly Actuating Portal,Electronics,409.14,295.77,1184,28
483,User-Friendly Modular Forecast,Clothing,214.73,150.35,1108,25
484,Vision-Oriented Discrete Portal,Home & Garden,493.14,289.00,587,114
485,Multi-Channeled Directional Productivity,Toys,385.64,282.64,1493,175
486,Ergonomic Regional Extranet,Toys,190.36,151.46,918,106
487,Synergistic Web-Enabled Success,Home & Garden,44.72,37.21,1791,148
488,Visionary Stable Software,Toys,328.50,172.10,365,147
489,Devolved Responsive Attitude,Electronics,266.78,190.46,456,10
490,Self-Enabling Secondary Analyzer,Toys,489.35,284.56,1472,149
491,Integrated Zero Tolerance Intranet,Beauty,268.31,204.36,506,127
492,Automated Optimal Hierarchy,Clothing,81.79,36.33,1792,195
493,Upgradable Clear-Thinking Array,Sports,20.95,14.25,1259,14
494,Implemented Fresh-Thinking Synergy,Office Supplies,107.01,42.85,68,124
495,Operative Context-Sensitive Customer Loyalty,Electronics,337.65,265.43,501,199
496,De-Engineered Zero Tolerance Moratorium,Home & Garden,204.12,95.36,444,24
497,Multi-Lateral Multi-Tasking Middleware,Office Supplies,254.43,125.85,1670,197
498,Future-Proofed Composite Extranet,Sports,162.86,105.69,1377,92
499,Polarized Explicit Synergy,Sports,154.37,65.09,1352,143
500,Mandatory Bifurcated Local Area Network,Home & Garden,209.71,102.25,1140,161
